과목번호,분반,과목코드,과목명,교수,담은인원,수강생수,exp_capa,review,popular,score
COR1016,01,COR1016-01,알바트로스세미나(경영),민재형,56,7,11,0.0,0,6.618181818181818
COR1013,05,COR1013-05,자연계글쓰기,김영경,108,30,27,10.0,0,5.252000000000001
ETS2004,01,ETS2004-01,종교와세계문화,김종만,186,157,49,4.0,0,4.954432653061224
COR1003,02,COR1003-02,영어글로벌의사소통I,김영옥,97,26,26,20.0,0,4.947000000000001
COR1003,09,COR1003-09,영어글로벌의사소통I,홍진영,85,26,23,24.0,0,4.919652173913043
COR1003,01,COR1003-01,영어글로벌의사소통I,김영옥,94,26,26,20.0,0,4.7940000000000005
MGT4247,01,MGT4247-01,공급체인관리와e-business,김민균,127,140,46,6.0,1,4.693864782608696
MGT4313,01,MGT4313-01,벤처와금융시장(캡스톤디자인),정유신,225,196,87,10.0,1,4.414396551724138
PHY1101,02,PHY1101-02,일반물리실험I,손원민,60,20,18,3.0,0,4.346333333333333
MGT4505,01,MGT4505-01,브랜드전략론,전성률,211,194,86,12.0,1,4.196152093023256
CSE2003,03,CSE2003-03,기초공학설계,서정연,51,45,16,3.0,0,4.1561812499999995
SHS2005,04,SHS2005-04,법과지식산업,강기봉,303,229,107,76.0,0,3.9610878504672904
PHY1101,04,PHY1101-04,일반물리실험I,손원민,54,16,18,3.0,0,3.9116999999999997
COR1016,20,COR1016-20,알바트로스세미나(경영),조봉순,33,8,11,1.0,0,3.9038999999999993
ECO2001,08,ECO2001-08,경제학원론I,왕윤종,229,167,105,19.0,1,3.7558399047619044
ETS2004,02,ETS2004-02,종교와세계문화,박현준,162,158,58,32.0,0,3.747227586206897
PEP3100,01,PEP3100-01,사회변동과제도의정치경제학,구본우,33,27,12,1.0,0,3.5785749999999994
COR1012,04,COR1012-04,인문사회글쓰기,조원규,82,31,32,66.0,0,3.5511125000000003
STS2004,02,STS2004-02,대학수학,김순영,139,98,55,73.0,0,3.5252927272727272
COR1013,04,COR1013-04,자연계글쓰기,김영경,72,30,27,10.0,0,3.5013333333333336
CBE4011,01,CBE4011-01,전기화학,박흥목,91,91,34,3.0,0,3.4898499999999997
CHS2002,02,CHS2002-02,현대한국의형성,서진교,67,61,26,36.0,0,3.4706000000000006
POL2002,01,POL2002-01,정치학개론,조영호,79,74,30,5.0,0,3.44045
CHM1001,02,CHM1001-02,일반화학I,권용석,149,75,58,12.0,0,3.379731034482759
MGT4507,01,MGT4507-01,유통전략론,임채운,187,190,95,9.0,1,3.3565712631578943
MGT2002,02,MGT2002-02,경영통계학,김명석,112,63,59,36.0,1,3.323628474576271
SHS2007,04,SHS2007-04,생활속의심리학,조명현,183,80,73,16.0,0,3.311046575342466
MGT3007,01,MGT3007-01,국제경영론,이철,77,75,40,8.0,1,3.2792760000000007
COR1003,13,COR1003-13,영어글로벌의사소통I,"Bailey, Andrew",42,25,17,16.0,0,3.263152941176471
SHS2005,03,SHS2005-03,법과지식산업,강기봉,246,188,107,76.0,0,3.2159327102803745
SHS2001,02,SHS2001-02,현대사회의이해,민병교,266,195,117,83.0,0,3.2008666666666667
MGT2002,01,MGT2002-01,경영통계학,이군희,113,64,62,35.0,1,3.187966935483871
MGT4308,01,MGT4308-01,벤처캐피탈과투자분석(캡스톤디자인),안성필,26,25,14,0.0,1,3.1385714285714292
COR1003,08,COR1003-08,영어글로벌의사소통I,홍진영,53,26,23,24.0,0,3.067547826086957
COR1003,12,COR1003-12,영어글로벌의사소통I,"Bailey, Andrew",39,24,17,16.0,0,3.030070588235294
ENG3108,01,ENG3108-01,최근미국문학,황은주,44,28,19,2.0,0,3.016547368421053
STS2004,05,STS2004-05,대학수학,유지현,136,63,62,50.0,0,2.994193548387097
MGT3007,03,MGT3007-03,국제경영론,이강표,139,95,80,17.0,1,2.986293375
MGT4404,01,MGT4404-01,원가회계,황국재,185,198,107,22.0,1,2.9862457943925236
ETS2002,05,ETS2002-05,논리와비판적사고,서상복,87,63,40,40.0,0,2.9406000000000003
MGT3003,02,MGT3003-02,생산관리론,김민균,101,91,60,16.0,1,2.8903506666666674
MEE4002,01,MEE4002-01,냉동및공기조화,정시영,42,42,19,4.0,0,2.8851789473684213
MGT4510,01,MGT4510-01,국제마케팅론,이철,79,80,47,12.0,1,2.8747259574468087
COR1003,14,COR1003-14,영어글로벌의사소통I,"Bailey, Andrew",37,25,17,16.0,0,2.8746823529411767
EEE3141,01,EEE3141-01,자동제어개론,강석주,103,98,47,5.0,0,2.86318085106383
MGT3005,01,MGT3005-01,관리회계,변상혁,127,78,77,24.0,1,2.8543002597402594
HFS2001,05,HFS2001-05,철학적인간학,김선영,92,67,43,23.0,0,2.845367441860465
ENG2003,02,ENG2003-02,언어학개론,채서영,47,44,22,18.0,0,2.8272636363636363
LCS2001,04,LCS2001-04,독일언어와문화I,허정화,45,26,21,13.0,0,2.821928571428571
MEE3022,01,MEE3022-01,유체역학II,허남건,26,28,12,0.0,0,2.816666666666667
ECO2003,01,ECO2003-01,경제수리기초,박경옥,146,119,90,19.0,1,2.7936451111111107
CHS2006,01,CHS2006-01,역사란무엇인가,최성철,135,112,64,13.0,0,2.7778359375
BIO4321,01,BIO4321-01,인체생리학,이정하,34,32,16,0.0,0,2.7625
PUB2001,01,PUB2001-01,법과정의,이상복,40,22,19,7.0,0,2.756
JAS3010,01,JAS3010-01,헬스커뮤니케이션과디지털미디어,유현재,81,78,39,2.0,0,2.7053999999999996
AAT2002,01,AAT2002-01,Humanities & creativity,정지수,39,36,19,4.0,0,2.679094736842105
MGT4310,01,MGT4310-01,가치평가이론과실무,안성필,44,37,28,3.0,1,2.6636814285714285
MGT4226,01,MGT4226-01,빅데이터와비즈니스인텔리젼스,김진화,143,90,93,19.0,1,2.647975591397849
LCU4015,01,LCU4015-01,영화를통한영어연습,"Kim, Jae Pil",54,26,27,12.0,0,2.6312
MGT4109,01,MGT4109-01,기업지배구조와기업전략,서정일,74,59,48,6.0,1,2.621049166666667
MGT3005,03,MGT3005-03,관리회계,황국재,154,148,104,39.0,1,2.6000975000000004
COR1012,08,COR1012-08,인문사회글쓰기,조원규,60,30,32,66.0,0,2.5983750000000003
MGT2003,02,MGT2003-02,회계학원론,박두리,93,71,62,24.0,1,2.5958400000000004
SHS2007,01,SHS2007-01,생활속의심리학,강재연,128,89,67,41.0,0,2.58540895522388
MGT4301,02,MGT4301-02,투자론,김도성,122,89,81,13.0,1,2.5785227160493824
REL2002,01,REL2002-01,세계종교입문,오지섭,51,53,26,5.0,0,2.5627499999999994
COR1012,07,COR1012-07,인문사회글쓰기,조원규,59,29,32,66.0,0,2.55506875
COR1013,08,COR1013-08,자연계글쓰기,권미란,56,29,29,13.0,0,2.542979310344827
SOC3030,01,SOC3030-01,"지식,문화,권력",김경만,34,30,18,8.0,0,2.4752
SHU4001,01,SHU4001-01,북한의이해와통일후한국,정영철,154,182,83,23.0,0,2.467525301204819
LCS2003,01,LCS2003-01,프랑스언어와문화I,김지현,45,31,24,10.0,0,2.461875
COR1003,21,COR1003-21,영어글로벌의사소통I,"Kim, Jae Pil",46,26,25,29.0,0,2.4613680000000002
AAT2004,01,AAT2004-01,Intro to Creative Computing,김주섭,50,46,27,18.0,0,2.450740740740741
ECO3004,01,ECO3004-01,도시경제학,김경환,88,80,61,5.0,1,2.450222950819672
MGT4303,01,MGT4303-01,파생상품론,이정진,116,72,81,8.0,1,2.4396088888888894
PHY1001,04,PHY1001-04,일반물리I,정명화,135,72,73,14.0,0,2.437767123287671
MGT3004,01,MGT3004-01,재무관리,이정진,108,70,77,27.0,1,2.43439012987013
ETS2004,03,ETS2004-03,종교와세계문화,이윤미,140,129,80,61.0,0,2.413775
HFS2001,04,HFS2001-04,철학적인간학,김선영,78,68,43,23.0,0,2.412376744186046
CHS2002,01,CHS2002-01,현대한국의형성,김혜정,130,79,74,50.0,0,2.397972972972973
LCS2001,05,LCS2001-05,독일언어와문화I,성현숙,45,38,25,24.0,0,2.39616
MEEG019,01,MEEG019-01,공정설계의CAE,김낙수,11,5,6,1.0,0,2.3857166666666663
MGT4713,01,MGT4713-01,사회적가치창출프랙티컴,이석근,92,85,66,11.0,1,2.381670909090909
MGT3001,03,MGT3001-03,조직행동이론,최장호,98,69,71,17.0,1,2.3723315492957746
MGT3001,02,MGT3001-02,조직행동이론,조봉순,93,70,68,25.0,1,2.3691066176470588
ETS2004,05,ETS2004-05,종교와세계문화,안창덕,161,157,91,26.0,0,2.3598000000000003
TLS1003,02,TLS1003-02,스토리텔링글쓰기연습,최배은,54,30,30,8.0,0,2.3587200000000004
COR1003,23,COR1003-23,영어글로벌의사소통I,"Kim, Jae Pil",44,26,25,29.0,0,2.354352
CHM1001,04,CHM1001-04,일반화학I,옥강민,103,74,58,15.0,0,2.34325
LCS2005,03,LCS2005-03,중국언어와문화I,문영희,41,31,23,9.0,0,2.3382478260869566
MEE3004,02,MEE3004-02,생산공정,최범규,52,52,29,0.0,0,2.331034482758621
EDU3002,01,EDU3002-01,교육행정및교육경영,김재웅,34,32,19,2.0,0,2.330968421052632
ETS2002,02,ETS2002-02,논리와비판적사고,오은영,128,80,74,29.0,0,2.3138594594594593
LCS2007,02,LCS2007-02,일본언어와문화I,김선희,51,30,29,7.0,0,2.3022103448275857
STU4011,02,STU4011-02,우주와원자시대,호정원,105,88,60,10.0,0,2.2977499999999997
STS2010,01,STS2010-01,과학사,이정희,131,73,78,50.0,0,2.2925000000000004
MGT3004,05,MGT3004-05,재무관리,이영주,103,77,78,27.0,1,2.2919216666666666
COR1003,06,COR1003-06,영어글로벌의사소통I,정지수,40,26,23,12.0,0,2.288
MGT4605,01,MGT4605-01,무역경영관리,유치연,94,78,71,19.0,1,2.27997661971831
MGT3002,02,MGT3002-02,경영정보시스템,이상근,123,96,94,26.0,1,2.268878936170213
ETS2001,04,ETS2001-04,현대세계와윤리문제,하유진,109,78,65,38.0,0,2.26284
LCS2007,03,LCS2007-03,일본언어와문화I,서명진,51,30,30,22.0,0,2.25862
MGT3006,03,MGT3006-03,마케팅원론,정재학,91,79,70,28.0,1,2.258516
SHU4019,01,SHU4019-01,삶과교육,김재웅,59,64,34,1.0,0,2.2581382352941173
MAT4110,02,MAT4110-02,추상대수학I,박진형,57,57,33,4.0,0,2.254436363636364
COR1012,18,COR1012-18,인문사회글쓰기,이해진,51,30,30,20.0,0,2.2542
HFS2001,02,HFS2001-02,철학적인간학,김승욱,114,79,68,25.0,0,2.2338970588235294
MGT3006,01,MGT3006-01,마케팅원론,임채운,141,128,110,31.0,1,2.233427181818182
STS2005,03,STS2005-03,미적분학I,유지현,112,63,68,41.0,0,2.2289647058823525
PHY1101,10,PHY1101-10,일반물리실험I,Scopel Stefano,32,18,19,8.0,0,2.2069894736842106
HSS3017,01,HSS3017-01,학습매니지먼트,김세영,65,39,39,17.0,0,2.2034999999999996
ETS2002,06,ETS2002-06,논리와비판적사고,서상복,65,56,40,40.0,0,2.197
ECO2001,01,ECO2001-01,경제학원론I,양현주,136,84,107,22.0,1,2.195294205607477
MGT3006,02,MGT3006-02,마케팅원론,김주영,76,72,60,24.0,1,2.192042666666667
MGT2002,03,MGT2002-03,경영통계학,이윤동,82,73,67,50.0,1,2.171776119402985
MGT4203,03,MGT4203-03,경영과학,김범수,88,70,69,6.0,1,2.1682944927536236
ECO4032,01,ECO4032-01,금융시장계량분석(캡스톤디자인),최인,23,17,18,2.0,1,2.1637633333333337
CBE4013,02,CBE4013-02,생물화학공학,김현철,58,58,35,1.0,0,2.15644
SHS2005,05,SHS2005-05,법과지식산업,안재형,112,87,70,32.0,0,2.14656
MGT3004,03,MGT3004-03,재무관리,김도성,108,95,88,34.0,1,2.14461
BIO4252,01,BIO4252-01,암생물학,김정호,28,30,17,0.0,0,2.1411764705882352
PUB3008,01,PUB3008-01,범죄와형벌의이해,이호중,31,20,19,9.0,0,2.1401421052631577
COR1013,02,COR1013-02,자연계글쓰기,김영경,44,30,27,10.0,0,2.139703703703704
STS2011,02,STS2011-02,기초빅데이터프로그래밍,서경희,44,28,27,9.0,0,2.137585185185185
COR1016,25,COR1016-25,알바트로스세미나(경영),김창수,18,9,11,1.0,0,2.1294
MGT4203,01,MGT4203-01,경영과학,민재형,82,68,66,13.0,1,2.1269930303030304
LCS2007,06,LCS2007-06,일본언어와문화I,임시은,39,32,24,5.0,0,2.1230625
LCS2007,04,LCS2007-04,일본언어와문화I,김선희,47,29,29,7.0,0,2.1216448275862065
ECO3002,01,ECO3002-01,노동경제학,안태현,71,68,57,5.0,1,2.1156131578947366
MGT4604,01,MGT4604-01,국제경영전략,김창수,79,77,64,9.0,1,2.10486859375
LCS2003,03,LCS2003-03,프랑스언어와문화I,임애리,36,28,23,26.0,0,2.0876869565217393
LCS2005,04,LCS2005-04,중국언어와문화I,박지영,51,29,33,35.0,0,2.0794090909090905
COR1012,12,COR1012-12,인문사회글쓰기,이해진,47,30,30,20.0,0,2.0774
SHS2002,04,SHS2002-04,한국과세계,한영빈,108,99,70,35.0,0,2.0759142857142856
ECO2001,07,ECO2001-07,경제학원론I,김홍균,119,100,100,31.0,1,2.0734441
PHY1001,02,PHY1001-02,일반물리I,이기진,112,91,71,7.0,0,2.0650591549295774
ECO2002,02,ECO2002-02,경제학원론II,송의영,122,96,105,50.0,1,2.0618000000000003
MEE3006,01,MEE3006-01,기계공학해석,박정열,105,108,67,10.0,0,2.0576865671641795
ETS2001,02,ETS2001-02,현대세계와윤리문제,하유진,99,79,65,38.0,0,2.0552400000000004
CHS2003,02,CHS2003-02,현대동아시아의형성,방향숙,155,108,104,59.0,0,2.0518125
ECO2006,03,ECO2006-03,미시경제학I,김도영,91,78,77,26.0,1,2.0492018181818183
PHY4003,01,PHY4003-01,현대광학I,장준익,36,40,23,6.0,0,2.0469913043478263
ECO2001,02,ECO2001-02,경제학원론I,안태현,119,88,105,67.0,1,2.043660666666667
MGT3007,04,MGT3007-04,국제경영론,정선욱,90,75,77,31.0,1,2.03655974025974
MGT4601,01,MGT4601-01,기업과국제환경,정선욱,83,78,70,15.0,1,2.0339150000000004
MEE2022,02,MEE2022-02,열역학I,김대중,60,60,39,15.0,0,2.03
MAS2002,01,MAS2002-01,전략커뮤니케이션,신호창,140,139,92,23.0,0,2.023760869565217
MEE4014,01,MEE4014-01,MEMS설계제작,최범규,45,43,29,2.0,0,2.0212758620689653
MGT2002,05,MGT2002-05,경영통계학,정예숙,67,60,57,17.0,1,2.0202615789473684
MGT4301,01,MGT4301-01,투자론,홍광헌,95,93,82,28.0,1,2.0127487804878053
ECO2004,04,ECO2004-04,경제통계학,사공용,96,92,87,77.0,1,2.0084193103448276
LCS2005,05,LCS2005-05,중국언어와문화I,이소영,20,25,13,3.0,0,2.006
STS2005,14,STS2005-14,미적분학I,김현정,87,64,59,43.0,0,1.9993779661016948
STS2004,01,STS2004-01,대학수학,김지현,87,58,60,58.0,0,1.9943300000000004
COR1012,17,COR1012-17,인문사회글쓰기,이해진,45,30,30,20.0,0,1.9889999999999999
COR1012,06,COR1012-06,인문사회글쓰기,엄미옥,41,29,28,38.0,0,1.975907142857143
LCS2001,02,LCS2001-02,독일언어와문화I,성현숙,37,27,25,24.0,0,1.9701760000000001
MGT3003,01,MGT3003-01,생산관리론,김길선,77,69,68,28.0,1,1.967259411764706
ENG3301,01,ENG3301-01,영어음성학,정인기,24,19,16,7.0,0,1.96365
HFS2001,03,HFS2001-03,철학적인간학,김승욱,100,70,68,25.0,0,1.9595588235294117
PSY4024,01,PSY4024-01,창의성의심리학,장재윤,66,62,44,2.0,0,1.9539
EDU2002,01,EDU2002-01,교육철학및교육사,한석훈,51,35,35,30.0,0,1.9511142857142856
ECO2007,01,ECO2007-01,거시경제학I,이윤수,80,66,71,22.0,1,1.946118309859155
EDU3045,01,EDU3045-01,특수교육학개론,박미경,28,25,19,4.0,0,1.9234526315789473
POL3141,01,POL3141-01,현대국제기구의이해,배기현,60,48,41,8.0,0,1.9176585365853658
EEE4183,01,EEE4183-01,마이크로프로세서응용실험,김경환,22,18,15,3.0,0,1.9123866666666665
EEE4183,02,EEE4183-02,마이크로프로세서응용실험,김경환,22,21,15,3.0,0,1.9123866666666665
BIO2601,01,BIO2601-01,유전자클로닝개론,김정호,70,68,48,6.0,0,1.9072083333333332
BIO3123,01,BIO3123-01,현대생물학실험III,김건수,19,16,13,1.0,0,1.9018999999999997
MGT4241,01,MGT4241-01,기술경영,김미리,75,73,68,18.0,1,1.8975220588235295
ETS2002,03,ETS2002-03,논리와비판적사고,김영건,115,84,83,52.0,0,1.894867469879518
HFS2003,03,HFS2003-03,그리스도교윤리,박은미,93,73,68,65.0,0,1.8935073529411766
CSE3013,01,CSE3013-01,컴퓨터공학설계및실험I,김영재,45,31,31,2.0,0,1.8908709677419355
COR1012,02,COR1012-02,인문사회글쓰기,박숙자,41,28,30,64.0,0,1.8903733333333337
MAT3430,01,MAT3430-01,응용통계학및실습,임경필,29,24,20,2.0,0,1.8887700000000003
MEE2026,01,MEE2026-01,2DCAD,이철수,43,40,30,11.0,0,1.8838299999999997
LCS2003,02,LCS2003-02,프랑스언어와문화I,전재연,35,29,25,33.0,0,1.8800599999999998
MGT4307,01,MGT4307-01,금융기관론,이상호,133,151,122,20.0,1,1.8792245901639348
SHS2002,03,SHS2002-03,한국과세계,오세제,131,96,94,37.0,0,1.8787351063829787
HFS2003,02,HFS2003-02,그리스도교윤리,강영옥,95,73,69,49.0,0,1.8775579710144925
HFS2003,01,HFS2003-01,그리스도교윤리,강영옥,95,68,69,49.0,0,1.8775579710144925
COR1003,22,COR1003-22,영어글로벌의사소통I,"Kim, Jae Pil",35,26,25,29.0,0,1.87278
EDU3047,01,EDU3047-01,교육평가,이예경,23,21,16,2.0,0,1.8724875
SHU4054,01,SHU4054-01,인간관계의심리와대인관계기술,김태사,74,60,52,11.0,0,1.87035
MGT4207,01,MGT4207-01,응용경영통계,이윤동,49,58,45,15.0,1,1.8678255555555556
CSE4175,01,CSE4175-01,기초컴퓨터네트워크,김승욱,84,86,59,9.0,0,1.8675050847457626
COR1003,19,COR1003-19,영어글로벌의사소통I,조혜연,34,25,24,14.0,0,1.86745
SHS2002,02,SHS2002-02,한국과세계,이지호,104,98,78,74.0,0,1.8616000000000004
PHY1101,15,PHY1101-15,일반물리실험I,이범훈,27,17,19,0.0,0,1.8473684210526315
STS2011,01,STS2011-01,기초빅데이터프로그래밍,서경희,38,29,27,9.0,0,1.846096296296296
COR1012,14,COR1012-14,인문사회글쓰기,박숙자,40,29,30,64.0,0,1.8442666666666667
STU4011,03,STU4011-03,우주와원자시대,김도현,82,73,59,20.0,0,1.8429152542372884
MGT3001,01,MGT3001-01,조직행동이론,양동훈,72,70,67,9.0,1,1.8324644776119405
ECO3008,01,ECO3008-01,금융경제학,남주하,72,63,67,7.0,1,1.8288322388059703
CSE3080,01,CSE3080-01,자료구조,양지훈,69,65,50,17.0,0,1.824498
MGT3002,04,MGT3002-04,경영정보시스템,한재형,88,75,84,30.0,1,1.8235904761904764
ECO2004,02,ECO2004-02,경제통계학,사공용,87,79,87,77.0,1,1.82013
MATQ981,01,MATQ981-01,수학교과교육론,김구연,7,7,5,0.0,0,1.8199999999999998
PHY1101,23,PHY1101-23,일반물리실험I,정명화,25,15,18,6.0,0,1.8163888888888888
CSE4170,01,CSE4170-01,기초컴퓨터그래픽스,임인성,100,95,72,5.0,0,1.8145833333333332
LCU4021,01,LCU4021-01,초급라틴어,이규성,22,19,16,7.0,0,1.8000124999999998
KSC4003,01,KSC4003-01,한류와문화산업,정호대,47,72,34,0.0,0,1.7970588235294118
CHM1051,17,CHM1051-17,일반화학실험I,옥강민,22,16,16,1.0,0,1.7892875
CSE4050,02,CSE4050-02,프로그래밍언어,낭종호,73,71,54,17.0,0,1.7872833333333333
MGT4202,01,MGT4202-01,통계자료분석,이군희,62,61,59,6.0,1,1.7865877966101698
TLS1004,03,TLS1004-03,영어글로벌의사소통II,"Barnard,Stephen John",31,23,23,14.0,0,1.776704347826087
CHS2002,03,CHS2002-03,현대한국의형성,장준호,58,62,43,12.0,0,1.7745302325581398
MGT3004,02,MGT3004-02,재무관리,홍광헌,74,66,73,33.0,1,1.7696846575342466
LCU4035,01,LCU4035-01,초급러시아어,서승현,59,47,46,58.0,0,1.7641000000000002
CHM1051,05,CHM1051-05,일반화학실험I,이덕형,23,16,17,3.0,0,1.7641
MGT4106,02,MGT4106-02,인적자원관리,최장호,71,66,69,13.0,1,1.7615923188405793
MGT2003,04,MGT2003-04,회계학원론,변상혁,122,80,124,58.0,1,1.7591809677419357
ECO2009,01,ECO2009-01,계량경제학I,남준우,81,79,79,15.0,1,1.7587765822784809
MAT2110,02,MAT2110-02,선형대수학,조상현,71,60,53,9.0,0,1.7571830188679243
CBE3015,01,CBE3015-01,화공생명공학요소실험I,오세용,27,18,20,0.0,0,1.7550000000000001
HSS3025,01,HSS3025-01,진로탐색심화,김경아,31,22,23,1.0,0,1.7539260869565216
HFS2003,04,HFS2003-04,그리스도교윤리,박은미,86,69,68,65.0,0,1.750985294117647
LCS2003,05,LCS2003-05,프랑스언어와문화I,임애리,30,28,23,26.0,0,1.7397391304347827
MGT3007,02,MGT3007-02,국제경영론,김창수,73,78,73,29.0,1,1.73901
MEEG005,01,MEEG005-01,연속체역학,정현용,12,9,9,3.0,0,1.7385333333333333
MGT2002,04,MGT2002-04,경영통계학,김범수,76,68,76,28.0,1,1.7373200000000002
MEE2025,01,MEE2025-01,모형설계제작,신충수,24,20,18,1.0,0,1.7350666666666665
PSY4014,01,PSY4014-01,유아및아동심리학,김근영,91,92,69,10.0,0,1.7316376811594203
MGT4106,01,MGT4106-01,인적자원관리,양동훈,70,69,70,22.0,1,1.7271800000000002
EEEG273,01,EEEG273-01,나노반도체소자공정실무와특허사례(캡스톤디자인),윤규한,67,58,51,9.0,0,1.723213725490196
PSY2001,01,PSY2001-01,일반심리학,김근영,209,178,165,44.0,0,1.71912
PSY2002,01,PSY2002-01,심리통계,석혜원,102,94,78,11.0,0,1.7186999999999997
MEE4022,01,MEE4022-01,신재생에너지공학개론,강성원,79,84,60,4.0,0,1.7185133333333333
HSS3016,02,HSS3016-02,진로탐색입문,김경아,227,200,189,100.0,0,1.7175132275132279
BIO1101,01,BIO1101-01,일반생물학I,정광환,77,68,59,11.0,0,1.7152728813559324
PUB2005,01,PUB2005-01,법과현대사회,이상수,73,65,57,30.0,0,1.7148596491228072
EDU2001,01,EDU2001-01,교육학개론,김재웅,30,27,23,9.0,0,1.7109130434782607
CHM1051,10,CHM1051-10,일반화학실험I,옥강민,21,13,16,1.0,0,1.7079562499999998
ECO4004,01,ECO4004-01,경제수리통계학,남준우,66,69,66,7.0,1,1.70183
MGT2003,03,MGT2003-03,회계학원론,변상혁,118,84,124,58.0,1,1.7015029032258064
ECO2009,02,ECO2009-02,계량경제학I,이한식,100,89,102,20.0,1,1.6900000000000002
LCS2001,03,LCS2001-03,독일언어와문화I,이승희,37,31,29,17.0,0,1.6868172413793103
JPN2010,01,JPN2010-01,일본학개론,윤병남,22,23,17,2.0,0,1.6857176470588235
BIO4521,01,BIO4521-01,식물발달생물학,이병하,22,20,17,2.0,0,1.6857176470588235
COR1003,15,COR1003-15,영어글로벌의사소통I,"Barnard,Stephen John",30,25,24,34.0,0,1.68025
PSY3012,01,PSY3012-01,생리및생물심리학,이연경,73,68,57,5.0,0,1.673236842105263
PHY1101,20,PHY1101-20,일반물리실험I,손원민,23,14,18,3.0,0,1.6660944444444443
CSE4050,01,CSE4050-01,프로그래밍언어,낭종호,68,62,54,17.0,0,1.6648666666666665
MGT4203,02,MGT4203-02,경영과학,조성빈,44,44,45,5.0,1,1.6607066666666666
COR1003,24,COR1003-24,영어글로벌의사소통I,"Willers, Arthur Gregory",32,25,26,36.0,0,1.6576000000000002
PHY1101,12,PHY1101-12,일반물리실험I,Scopel Stefano,24,16,19,8.0,0,1.655242105263158
SHS2005,01,SHS2005-01,법과지식산업,권세진,114,93,95,61.0,0,1.6551600000000002
STS2002,02,STS2002-02,생명과환경,김건수,118,85,99,68.0,0,1.6548606060606061
PHY1001,03,PHY1001-03,일반물리I,정현식,70,62,56,18.0,0,1.65425
CHM1051,04,CHM1051-04,일반화학실험I,조규봉,19,17,15,1.0,0,1.6483133333333333
CSE3030,02,CSE3030-02,어셈블리프로그래밍,김영재,124,121,99,10.0,0,1.6445656565656568
SHS2002,01,SHS2002-01,한국과세계,서복경,121,98,105,95.0,0,1.6404142857142858
CBE3013,01,CBE3013-01,응용분자생물학,오병근,39,38,31,2.0,0,1.6387548387096775
LCS2003,04,LCS2003-04,프랑스언어와문화I,백수린,32,27,26,24.0,0,1.6384
ECO3011,01,ECO3011-01,국제금융론,김윤정,106,96,111,13.0,1,1.6348542342342345
LCS2005,02,LCS2005-02,중국언어와문화I,이경하,27,22,22,20.0,0,1.6273636363636363
COR1003,17,COR1003-17,영어글로벌의사소통I,"Barnard,Stephen John",29,26,24,34.0,0,1.6242416666666668
KOR3004,01,KOR3004-01,국어형태론,황화상,57,48,46,7.0,0,1.622145652173913
STS2008,03,STS2008-03,고급응용C프로그래밍,서경희,50,34,41,21.0,0,1.6186585365853658
STS2008,04,STS2008-04,고급응용C프로그래밍,서경희,50,31,41,21.0,0,1.6186585365853658
MGT4102,02,MGT4102-02,경영전략,서정일,62,64,66,19.0,1,1.617739696969697
MEE2025,03,MEE2025-03,모형설계제작,정봉근,21,20,17,7.0,0,1.6171235294117645
COR1003,20,COR1003-20,영어글로벌의사소통I,"Kim, Jae Pil",30,26,25,29.0,0,1.60524
BIO2121,01,BIO2121-01,현대생물학실험I,신형두,16,14,13,0.0,0,1.6
EDU2004,01,EDU2004-01,교육방법및교육공학,양미경,22,16,18,5.0,0,1.5968333333333333
EEE3131,01,EEE3131-01,전자회로I,이승훈,69,70,57,12.0,0,1.5925684210526316
CHM1001,01,CHM1001-01,일반화학I,옥강민,70,59,58,15.0,0,1.5924999999999998
HFS2002,05,HFS2002-05,신학적인간학,최현순,88,71,75,43.0,0,1.5909226666666667
MEE2011,02,MEE2011-02,고체역학,정현용,52,50,43,10.0,0,1.5878139534883722
ETS2002,04,ETS2002-04,논리와비판적사고,김영건,96,77,83,52.0,0,1.5818024096385546
LCS2008,01,LCS2008-01,일본언어와문화II,최은희,23,27,19,5.0,0,1.5815526315789472
HSS3016,01,HSS3016-01,진로탐색입문,김경아,209,193,189,100.0,0,1.5813227513227515
MEE3013,01,MEE3013-01,자동제어,전도영,94,93,78,9.0,0,1.5807666666666664
COR1012,05,COR1012-05,인문사회글쓰기,심진경,32,31,28,61.0,0,1.576342857142857
MGT3006,06,MGT3006-06,마케팅원론,박세훈,62,58,68,22.0,1,1.5747817647058826
STS2001,01,STS2001-01,자연과인간,이덕환,97,99,85,56.0,0,1.5666070588235297
BIO1105,04,BIO1105-04,일반생물학실험I,이병하,18,17,15,2.0,0,1.56312
BIO4203,01,BIO4203-01,생명과학특허와기술이전,김현진,6,5,5,0.0,0,1.56
MGT2003,05,MGT2003-05,회계학원론,양준선,71,67,81,53.0,1,1.55987
COR1003,27,COR1003-27,영어글로벌의사소통I,"Willers, Arthur Gregory",30,26,26,36.0,0,1.554
ETS2004,07,ETS2004-07,종교와세계문화,이윤미,90,78,80,61.0,0,1.5517124999999998
MGT4401,02,MGT4401-02,중급회계1,송민섭,72,62,81,31.0,1,1.5487911111111112
COR1003,11,COR1003-11,영어글로벌의사소통I,채현순,28,23,24,20.0,0,1.547
ECO4009,01,ECO4009-01,파생상품시장,사공용,98,92,109,18.0,1,1.5467996330275229
HIS2006,01,HIS2006-01,역사학입문,윤병남,48,49,41,16.0,0,1.5463024390243905
CBE2004,01,CBE2004-01,물리화학,강문성,47,43,40,8.0,0,1.5397200000000002
COR1003,18,COR1003-18,영어글로벌의사소통I,조혜연,28,26,24,14.0,0,1.5379
HLU4007,01,HLU4007-01,테니스,이문진,34,28,29,7.0,0,1.534806896551724
MAT2110,01,MAT2110-01,선형대수학,조상현,62,58,53,9.0,0,1.5344415094339623
MGT3001,04,MGT3001-04,조직행동이론,장영균,63,72,71,23.0,1,1.534067746478873
HLU4006,01,HLU4006-01,요가,허가영,34,24,29,5.0,0,1.5317586206896552
MEE3003,01,MEE3003-01,진동학,이승엽,98,100,84,8.0,0,1.5288000000000002
EEE3181,01,EEE3181-01,전자회로실험,안길초,27,24,23,1.0,0,1.5276130434782609
COR1003,28,COR1003-28,영어글로벌의사소통I,"Thigpen, Byron Douglas",25,24,22,30.0,0,1.5215909090909092
COR1003,29,COR1003-29,영어글로벌의사소통I,"Thigpen, Byron Douglas",25,25,22,30.0,0,1.5215909090909092
COR1003,30,COR1003-30,영어글로벌의사소통I,"Thigpen, Byron Douglas",25,25,22,30.0,0,1.5215909090909092
SUA4005,01,SUA4005-01,기업과지식재산,홍철기,21,17,18,1.0,0,1.518183333333333
EDUS981,01,EDUS981-01,과학교과교육론,곽성일,14,13,12,0.0,0,1.5166666666666666
PHY1101,17,PHY1101-17,일반물리실험I,이범훈,22,17,19,0.0,0,1.5052631578947369
MGT2003,06,MGT2003-06,회계학원론,최순재,74,69,86,35.0,1,1.5050825581395348
AMC3014,01,AMC3014-01,번역연습,김혜진,23,18,20,6.0,0,1.50397
SHU4031,01,SHU4031-01,인권과교육,김녕,23,23,20,5.0,0,1.502475
COR1003,25,COR1003-25,영어글로벌의사소통I,"Willers, Arthur Gregory",29,26,26,36.0,0,1.5022000000000002
SHU4024,01,SHU4024-01,결혼준비특강,김영희,64,59,56,11.0,0,1.5020571428571428
CSE2003,01,CSE2003-01,기초공학설계,장형수,40,37,35,11.0,0,1.5020571428571428
BIO3123,03,BIO3123-03,현대생물학실험III,주봉건,15,13,13,0.0,0,1.5
STS2005,09,STS2005-09,미적분학I,강유태,75,63,68,45.0,0,1.498345588235294
MGT4701,01,MGT4701-01,경영영어라이팅,김이권,21,25,24,12.0,1,1.496495
COR1012,19,COR1012-19,인문사회글쓰기,엄미옥,31,29,28,38.0,0,1.4939785714285716
HSS3004,01,HSS3004-01,특수교육과장애의이해,안영회,41,41,36,7.0,0,1.4909194444444445
COR1003,07,COR1003-07,영어글로벌의사소통I,정지수,26,22,23,12.0,0,1.4872000000000003
PHY1001,09,PHY1001-09,일반물리I,Scopel Stefano,83,77,74,18.0,0,1.484354054054054
SHS2005,02,SHS2005-02,법과지식산업,권세진,102,91,95,61.0,0,1.4809326315789473
COR1009,13,COR1009-13,컴퓨팅사고력,권미수,61,40,59,100.0,0,1.4784745762711866
COR1012,10,COR1012-10,인문사회글쓰기,박숙자,32,29,30,64.0,0,1.4754133333333335
ECO3021,01,ECO3021-01,경제성장론,송의영,72,60,83,5.0,1,1.47335421686747
EEE4167,01,EEE4167-01,마이크로프로세서개론,김경환,44,42,39,3.0,0,1.4710666666666665
MGT4601,02,MGT4601-02,기업과국제환경,김유진,53,59,62,16.0,1,1.4677922580645162
HFU4009,01,HFU4009-01,영성과문화예술,하영유,60,61,54,16.0,0,1.4675555555555555
LAU4032,01,LAU4032-01,뮤지컬의이해,정태진,41,39,37,14.0,0,1.4607081081081084
TLS1002,02,TLS1002-02,비평적글쓰기연습,이소연,32,29,29,16.0,0,1.4574344827586208
CHM1051,13,CHM1051-13,일반화학실험I,이덕형,19,15,17,3.0,0,1.4572999999999998
COR1003,16,COR1003-16,영어글로벌의사소통I,"Barnard,Stephen John",26,24,24,34.0,0,1.4562166666666667
PHY1101,01,PHY1101-01,일반물리실험I,김도석,21,18,19,11.0,0,1.4526473684210526
PHY1101,03,PHY1101-03,일반물리실험I,김도석,21,18,19,11.0,0,1.4526473684210526
STS2010,02,STS2010-02,과학사,김도현,65,67,59,13.0,0,1.4508220338983049
CSE3030,01,CSE3030-01,어셈블리프로그래밍,임종석,103,97,94,10.0,0,1.438712765957447
CHM4203,01,CHM4203-01,화학특허와기술이전,김현진,11,11,10,2.0,0,1.4328600000000002
COR1012,09,COR1012-09,인문사회글쓰기,박숙자,31,29,30,64.0,0,1.429306666666667
CSE4115,01,CSE4115-01,소프트웨어공학,박수용,62,60,57,5.0,0,1.4211052631578949
ETU4016,01,ETU4016-01,"종교,폭력,평화",김명희,168,161,161,45.0,0,1.4175652173913043
HLU4001,01,HLU4001-01,영양과다이어트,이유숙,56,47,52,12.0,0,1.4167999999999998
MGT4201,01,MGT4201-01,의사결정론,조성빈,49,53,59,9.0,1,1.4161913559322032
ETU4010,01,ETU4010-01,한국문화와종교,현재우,65,74,61,18.0,0,1.4101803278688525
HFU4023,02,HFU4023-02,진·선·미·성,최현순,49,49,46,18.0,0,1.409708695652174
BIO1105,09,BIO1105-09,일반생물학실험I,이정하,14,11,13,5.0,0,1.4069999999999998
COR1003,04,COR1003-04,영어글로벌의사소통I,김영나,20,24,19,20.0,0,1.3957894736842107
EEE4165,01,EEE4165-01,디지털영상처리개론,김경환,30,33,28,2.0,0,1.3956428571428572
EEE2103,01,EEE2103-01,고급공학수학I,박형민,68,70,64,10.0,0,1.3950625
BIO1101,05,BIO1101-05,일반생물학I,김건수,49,41,46,6.0,0,1.3930913043478261
EEE2012,01,EEE2012-01,전자공학세미나II,정옥현,101,97,95,6.0,0,1.3903978947368423
COR1009,10,COR1009-10,컴퓨팅사고력,나미향,33,23,34,100.0,0,1.3879411764705882
AAT2003,01,AAT2003-01,Intro to Digital Arts,주진호,38,33,36,8.0,0,1.3832
BIO2131,01,BIO2131-01,생화학I,이정국,59,54,56,9.0,0,1.3819696428571426
BIO2121,03,BIO2121-03,현대생물학실험I,김정호,17,15,16,0.0,0,1.38125
MGT4331,01,MGT4331-01,보험학원론,최정호,60,66,76,34.0,1,1.3795736842105266
PHY1101,21,PHY1101-21,일반물리실험I,Scopel Stefano,20,19,19,8.0,0,1.3793684210526316
CHM2651,03,CHM2651-03,생화학실험,조규봉,18,16,17,1.0,0,1.3778470588235294
ECO2008,01,ECO2008-01,수리경제학,김영철,88,83,111,28.0,1,1.3773347747747748
PHY1101,08,PHY1101-08,일반물리실험I,이기진,21,15,20,8.0,0,1.37592
TLS1004,04,TLS1004-04,영어글로벌의사소통II,"Barnard,Stephen John",24,23,23,14.0,0,1.375513043478261
JPN2005,01,JPN2005-01,일본어작문,서명진,20,23,19,4.0,0,1.3738947368421053
MAT4210,01,MAT4210-01,복소수함수론I,조상현,59,61,56,1.0,0,1.3710125
ECO4030,01,ECO4030-01,행동경제학,Iris Haydar Doruk,56,41,70,12.0,1,1.368224
MGT3003,03,MGT3003-03,생산관리론,이준겸,71,68,90,26.0,1,1.367886
EEE2051,04,EEE2051-04,기초전자공학실험,김광수,22,19,21,0.0,0,1.361904761904762
HFS2003,05,HFS2003-05,그리스도교윤리,최현순,78,68,76,20.0,0,1.3608947368421054
CHU4018,01,CHU4018-01,이주의역사,문종현,52,53,50,6.0,0,1.360112
JAS4017,01,JAS4017-01,전략커뮤니케이션기획실습,신호창,23,27,22,0.0,0,1.3590909090909091
SOC2001,01,SOC2001-01,사회학개론,김경만,97,96,95,23.0,0,1.357897894736842
EEE3181,04,EEE3181-04,전자회로실험,윤광석,24,25,23,0.0,0,1.356521739130435
EEE3181,02,EEE3181-02,전자회로실험,윤광석,24,24,23,0.0,0,1.356521739130435
MAE3014,01,MAE3014-01,커뮤니케이션학입문,조재희,47,47,46,18.0,0,1.3521695652173913
LCU4107,01,LCU4107-01,튜터링을통한글쓰기능력신장,곽상순,39,35,38,13.0,0,1.3515552631578946
MGT3004,04,MGT3004-04,재무관리,이상호,69,76,89,26.0,1,1.344290561797753
ECO2003,02,ECO2003-02,경제수리기초,김형욱,95,87,126,54.0,1,1.3430134920634922
MEE4004,01,MEE4004-01,3D-CAD,이철수,38,37,37,5.0,0,1.3418108108108107
CSE2003,02,CSE2003-02,기초공학설계,김주호,42,39,41,7.0,0,1.3410292682926828
MAT2110,03,MAT2110-03,선형대수학,이영란,66,55,65,13.0,0,1.33716
COR1009,05,COR1009-05,컴퓨팅사고력,권미수,55,39,59,100.0,0,1.3330508474576273
MGT3002,01,MGT3002-01,경영정보시스템,김용진,40,43,52,21.0,1,1.3273
HFS2002,01,HFS2002-01,신학적인간학,최우혁,65,69,67,52.0,0,1.326776119402985
COR1003,10,COR1003-10,영어글로벌의사소통I,채현순,24,25,24,20.0,0,1.326
COR1003,03,COR1003-03,영어글로벌의사소통I,김영나,19,16,19,20.0,0,1.326
TLS1003,01,TLS1003-01,스토리텔링글쓰기연습,이소연,30,29,30,15.0,0,1.3195
PHY1101,13,PHY1101-13,일반물리실험I,김도석,19,16,19,11.0,0,1.3143
SPM3113,02,SPM3113-02,댄스스포츠I,김수미,15,13,15,8.0,0,1.3104
ECO2005,01,ECO2005-01,경제정보분석,이강오,10,5,13,7.0,1,1.3091
HLU4015,01,HLU4015-01,골프,최대혁,19,15,19,6.0,0,1.3078
LCS2007,01,LCS2007-01,일본언어와문화I,최은희,24,28,24,5.0,0,1.3065
PUB2004,01,PUB2004-01,법적사고와논리,윤광균,25,19,25,4.0,0,1.3052000000000001
CSE3080,02,CSE3080-02,자료구조,정성원,67,64,67,3.0,0,1.3038999999999998
ECO4010,01,ECO4010-01,국제금융시장,박정수,87,84,115,19.0,1,1.302813652173913
CHM2352,01,CHM2352-01,유기화학실험II,문봉진,13,11,13,1.0,0,1.3013000000000001
CHM1051,18,CHM1051-18,일반화학실험I,조규봉,15,16,15,1.0,0,1.3013
EEE4160,01,EEE4160-01,컴퓨터통신,장주욱,36,38,36,1.0,0,1.3013
COR1015,29,COR1015-29,알바트로스세미나,조장현,13,20,13,0.0,0,1.3000000000000003
HISQ981,01,HISQ981-01,역사교과교육론,김민정,5,4,5,0.0,0,1.3
HISQ982,01,HISQ982-01,역사교과논리및논술,김민정,5,5,5,0.0,0,1.3
HSS3002,01,HSS3002-01,사회봉사,박혜윤,43,38,44,23.0,0,1.299675
STS2006,01,STS2006-01,미적분학II,강유태,62,58,63,12.0,0,1.2947174603174605
EEE3131,02,EEE3131-02,전자회로I,이승훈,56,59,57,12.0,0,1.292519298245614
MAS1005,01,MAS1005-01,Critical Thinking for Social Inquiry,장대업,145,104,152,41.0,0,1.2909769736842103
HSS3005,01,HSS3005-01,수화의이해,김미원,105,98,111,47.0,0,1.2875270270270271
CBE2011,01,CBE2011-01,화공수학I,최진훈,54,50,55,7.0,0,1.2852981818181817
CBE3008,01,CBE3008-01,고분자물성,김충익,52,50,53,2.0,0,1.2780226415094342
MGT4204,01,MGT4204-01,시뮬레이션,민재형,39,44,52,8.0,1,1.27764
KOR4504,01,KOR4504-01,문학과문화콘텐츠,양세라,34,35,35,9.0,0,1.274222857142857
EEE4162,01,EEE4162-01,반도체집적회로해석및설계,안길초,38,33,39,4.0,0,1.2717333333333334
HSS3002,02,HSS3002-02,사회봉사,서영아,44,39,46,21.0,0,1.2695913043478262
HFS2002,02,HFS2002-02,신학적인간학,최우혁,62,69,67,52.0,0,1.2655402985074629
MAE3002,01,MAE3002-01,"미디어,인간,사회",김정현,53,47,55,9.0,0,1.2640018181818182
ECO3010,01,ECO3010-01,국제무역론,허정,101,103,137,14.0,1,1.263355182481752
COR1003,26,COR1003-26,영어글로벌의사소통I,"Willers, Arthur Gregory",24,22,26,36.0,0,1.2432000000000003
CBE3002,01,CBE3002-01,공정열역학,임종성,56,56,59,4.0,0,1.2388338983050846
COR1012,01,COR1012-01,인문사회글쓰기,이상헌,25,26,28,67.0,0,1.2384821428571429
CHI3017,01,CHI3017-01,중국어문법의이해,강병규,33,34,35,6.0,0,1.2330685714285714
SHU4029,01,SHU4029-01,광고로사회읽기,김봉석,92,80,99,13.0,0,1.2237858585858585
JAS4032,01,JAS4032-01,소셜미디어와글로벌소비자행동,윤각,42,50,45,3.0,0,1.2169733333333332
ECO2002,01,ECO2002-01,경제학원론II,곽노선,68,63,99,46.0,1,1.2142052525252527
LCU4107,02,LCU4107-02,튜터링을통한글쓰기능력신장,곽상순,35,37,38,13.0,0,1.2129342105263157
SHU4010,01,SHU4010-01,동남아시아전통사회의이해,김종호,36,43,39,7.0,0,1.2084000000000001
COR1005,01,COR1005-01,영어글로벌의사소통I(고급),"Thigpen, Byron Douglas",20,18,22,19.0,0,1.2042727272727272
COR1005,02,COR1005-02,영어글로벌의사소통I(고급),"Thigpen, Byron Douglas",20,16,22,19.0,0,1.2042727272727272
CHS2003,03,CHS2003-03,현대동아시아의형성,윤병남,52,58,57,14.0,0,1.2025684210526317
MEE2022,01,MEE2022-01,열역학I,정시영,53,48,58,7.0,0,1.1962465517241379
CSE4110,01,CSE4110-01,데이터베이스시스템,박석,80,74,88,12.0,0,1.1960000000000002
POL3108,01,POL3108-01,근대정치사상,김종철,11,11,12,2.0,0,1.19405
CHM2151,02,CHM2151-02,분석화학실험,신운섭,11,10,12,0.0,0,1.1916666666666667
CHM2151,01,CHM2151-01,분석화학실험,신운섭,11,10,12,0.0,0,1.1916666666666667
ECO3009,01,ECO3009-01,공공경제학,김홍균,59,68,85,9.0,1,1.1836163529411765
LCU4017,01,LCU4017-01,비즈니스영어연습,채현순,18,19,20,9.0,0,1.18053
POL2002,02,POL2002-02,정치학개론,김영수,39,25,45,47.0,0,1.17962
REL3009,01,REL3009-01,도교의중심사상,최수빈,26,25,29,8.0,0,1.174841379310345
MEE2011,01,MEE2011-01,고체역학,이형일,58,56,65,11.0,0,1.17276
MAT2410,01,MAT2410-01,응용수학I,유지현,63,64,71,12.0,0,1.16736338028169
CBE2011,02,CBE2011-02,화공수학I,이종석,41,36,46,3.0,0,1.1621717391304347
STU4005,01,STU4005-01,바다의이해,이은일,102,107,117,25.0,0,1.1616666666666666
BIO2311,01,BIO2311-01,생명유기화학,서미정,45,47,51,3.0,0,1.1504999999999999
EEE2112,01,EEE2112-01,회로이론,범진욱,63,65,72,10.0,0,1.148875
PHY1001,08,PHY1001-08,일반물리I,손원민,61,60,71,25.0,0,1.1448239436619718
BIO1101,04,BIO1101-04,일반생물학I,이규호,57,56,66,14.0,0,1.1384454545454545
EUR2303,01,EUR2303-01,프랑스어문법1,김이정,24,20,28,15.0,0,1.131
PSY4042,01,PSY4042-01,직업심리학,박춘신,32,26,37,4.0,0,1.1288216216216216
ECOG040,01,ECOG040-01,고급수리통계학,최인,8,6,12,0.0,1,1.1266666666666667
COR1009,02,COR1009-02,컴퓨팅사고력,강은숙,38,39,48,89.0,0,1.1207624999999999
KOR3209,01,KOR3209-01,문학주제학,우찬제,23,23,27,12.0,0,1.1206962962962963
SPM3011,01,SPM3011-01,스포츠생리학,김태형,44,39,52,12.0,0,1.1132000000000002
EEE2112,02,EEE2112-02,회로이론,범진욱,61,60,72,10.0,0,1.1124027777777776
SPM3106,01,SPM3106-01,체력트레이닝,최대혁,23,19,27,4.0,0,1.111837037037037
EEE3121,02,EEE3121-02,물리전자공학II,최우영,51,50,60,6.0,0,1.11163
PSY4009,01,PSY4009-01,집단행동의심리학,남상희,51,52,60,6.0,0,1.11163
JPN2007,01,JPN2007-01,시사일본어,김인혜,17,18,20,6.0,0,1.11163
MAT3430,02,MAT3430-02,응용통계학및실습,임경필,17,18,20,2.0,0,1.10721
LCS2001,01,LCS2001-01,독일언어와문화I,조한렬,24,24,29,28.0,0,1.1059862068965518
LAU4014,01,LAU4014-01,한국미술의역사와감상,강희정,22,25,26,2.0,0,1.1022
JAS4014,01,JAS4014-01,데이터마이닝,임종섭,11,15,13,1.0,0,1.1011
EEE2103,02,EEE2103-02,고급공학수학I,박형민,53,50,64,10.0,0,1.0873281250000002
PHY4203,01,PHY4203-01,물리특허와기술이전,김현진,5,5,6,3.0,0,1.0865833333333332
CHI3003,01,CHI3003-01,중국어3,문영희,28,29,34,11.0,0,1.082364705882353
CHM1051,08,CHM1051-08,일반화학실험I,이원구,14,15,17,4.0,0,1.074870588235294
CHS2004,02,CHS2004-02,현대서양의형성,이종훈,28,32,35,33.0,0,1.07432
MAT2010,01,MAT2010-01,집합론,신창언,45,47,55,9.0,0,1.0732090909090908
CBE2005,01,CBE2005-01,응용유기화학,오세용,60,58,74,13.0,0,1.0677567567567565
ETU4004,01,ETU4004-01,동아시아철학고전읽기,조성환,59,78,73,11.0,0,1.0622424657534246
ENG2103,01,ENG2103-01,작문과수사학,채서영,17,16,21,5.0,0,1.057642857142857
SOC2001,02,SOC2001-02,사회학개론,김영수,39,29,49,21.0,0,1.0564224489795917
CSE4116,01,CSE4116-01,임베디드시스템소프트웨어,박성용,21,18,26,5.0,0,1.05525
BIO1101,03,BIO1101-03,일반생물학I,주봉건,46,46,58,23.0,0,1.054748275862069
COR1009,11,COR1009-11,컴퓨팅사고력,권미수,43,40,59,100.0,0,1.0422033898305085
COR1012,15,COR1012-15,인문사회글쓰기,이상헌,21,19,28,67.0,0,1.040325
PHY1101,19,PHY1101-19,일반물리실험I,Scopel Stefano,15,17,19,8.0,0,1.0345263157894737
COR1012,13,COR1012-13,인문사회글쓰기,심진경,21,18,28,61.0,0,1.0344749999999998
BIO3212,01,BIO3212-01,생명공학개론,"Lee, Hosuk Sean",37,36,47,6.0,0,1.0295446808510638
PHY1001,07,PHY1001-07,일반물리I,장준익,55,60,71,19.0,0,1.026176056338028
HLU4014,01,HLU4014-01,야구,남기정,25,20,32,7.0,0,1.022734375
HLU4015,02,HLU4015-02,골프,신은철,18,21,23,1.0,0,1.0184086956521738
HSS3019,01,HSS3019-01,세계를간다,박혜윤,7,2,9,0.0,0,1.011111111111111
STS2002,03,STS2002-03,생명과환경,"Lee, Hosuk Sean",45,45,59,19.0,0,1.0103644067796609
EDU3001,01,EDU3001-01,교육과정,양미경,16,13,21,4.0,0,0.9944380952380952
PSY3010,01,PSY3010-01,인사심리학,장재윤,38,46,50,1.0,0,0.9889879999999999
ENG2101,02,ENG2101-02,영문학작문,BonfiglioRichardPaul,12,9,16,2.0,0,0.9769500000000001
BIO4931,01,BIO4931-01,응용바이오기술실험,이병하,6,11,8,0.0,0,0.9750000000000001
CBE3004,02,CBE3004-02,화공유체역학,문준혁,52,45,70,8.0,0,0.9734400000000002
EEE3163,01,EEE3163-01,고급디지털회로설계,송태경,33,27,45,7.0,0,0.9600066666666665
CBE2003,01,CBE2003-01,화공생명공학양론,나정걸,72,68,99,9.0,0,0.9539636363636363
MEE3004,01,MEE3004-01,생산공정,김낙수,45,45,62,9.0,0,0.9520403225806451
MGT4102,01,MGT4102-01,경영전략,김양민,35,45,63,12.0,1,0.9501555555555556
AMC2031,02,AMC2031-02,미국학입문,박상기,13,12,18,8.0,0,0.9464000000000001
COR1016,16,COR1016-16,알바트로스세미나(경영),김용진,8,8,11,0.0,0,0.9454545454545454
AAT3015,01,AAT3015-01,3D Modeling Studio,이형기,23,22,32,11.0,0,0.944653125
LCU4106,01,LCU4106-01,현대중동이해,박현도,13,23,18,6.0,0,0.9445222222222224
KORQ981,01,KORQ981-01,국어교과교육론,주세형,5,5,7,2.0,0,0.9304285714285715
KSC3001,01,KSC3001-01,한국사회이해를위한학문적읽기,박지현,5,8,7,0.0,0,0.9285714285714286
KSC3004,01,KSC3004-01,한국사회이해를위한논리적말하기,박지현,5,8,7,0.0,0,0.9285714285714286
HIS3007,01,HIS3007-01,중국중세사,정면,48,77,68,3.0,0,0.9204
PHI2003,01,PHI2003-01,서양철학사,서동욱,39,35,56,15.0,0,0.9189375
CHM2651,02,CHM2651-02,생화학실험,이현수,12,12,17,0.0,0,0.9176470588235295
COR1016,08,COR1016-08,알바트로스세미나(경영),정재학,7,8,10,0.0,0,0.9099999999999999
COR1016,14,COR1016-14,알바트로스세미나(경영),김명석,7,9,10,0.0,0,0.9099999999999999
MEEG018,01,MEEG018-01,시스템모델링및해석,박정열,23,20,33,0.0,0,0.9060606060606061
HLU4015,03,HLU4015-03,골프,신은철,16,17,23,1.0,0,0.9052521739130434
EDUF982,01,EDUF982-01,외국어교과논리및논술,이요안,9,9,13,1.0,0,0.9009
LAU4015,01,LAU4015-01,서양미술의역사와감상,정은진,69,55,103,30.0,0,0.897
PHY1101,28,PHY1101-28,일반물리실험I,이범훈,13,19,19,0.0,0,0.8894736842105264
COR1012,11,COR1012-11,인문사회글쓰기,심진경,18,18,28,61.0,0,0.8866928571428572
PHI3033,01,PHI3033-01,"선진,한철학사",정재현,27,30,40,5.0,0,0.8818874999999999
BIO3311,01,BIO3311-01,발생학,김원선,8,5,12,1.0,0,0.8675333333333333
COR1015,19,COR1015-19,알바트로스세미나,장준익,8,14,12,0.0,0,0.8666666666666667
ROT4002,01,ROT4002-01,안전및조직관리사례연구,0,6,6,9,0.0,0,0.8666666666666667
COR1003,31,COR1003-31,영어글로벌의사소통I,"Bailey, Andrew",11,24,17,16.0,0,0.854635294117647
CHM2331,01,CHM2331-01,유기화학특론I,이원구,17,19,26,3.0,0,0.85255
GKS3002,01,GKS3002-01,Intro to Korea thru Literature and Film,방희경,32,53,49,3.0,0,0.8515265306122449
COR1015,25,COR1015-25,알바트로스세미나,이병하,15,18,23,0.0,0,0.8478260869565217
COR1012,16,COR1012-16,인문사회글쓰기,이상헌,17,16,28,67.0,0,0.8421678571428571
MEE3001,01,MEE3001-01,재료거동학,이형일,21,23,33,6.0,0,0.8322363636363637
COR1016,02,COR1016-02,알바트로스세미나(경영),이정진,7,8,11,0.0,0,0.8272727272727273
SHS2007,02,SHS2007-02,생활속의심리학,한기백,35,37,57,24.0,0,0.8174035087719299
MEE2006,02,MEE2006-02,공학수학I,정봉근,57,51,94,20.0,0,0.8040638297872341
CSE4188,01,CSE4188-01,암호학기초,김세준,35,45,57,7.0,0,0.8038333333333333
BNTG031,01,BNTG031-01,지식재산권과특허,김현진,11,9,18,7.0,0,0.8000055555555555
COR1009,01,COR1009-01,컴퓨팅사고력,나미향,19,22,34,100.0,0,0.7991176470588236
COR1014,02,COR1014-02,한국어글쓰기,오경숙,11,17,18,4.0,0,0.7976222222222223
COR1012,03,COR1012-03,인문사회글쓰기,이상헌,16,15,28,67.0,0,0.7926285714285715
LCS2004,01,LCS2004-01,프랑스언어와문화II,김지현,18,19,30,7.0,0,0.7854599999999999
COR1016,09,COR1016-09,알바트로스세미나(경영),김양민,6,8,10,0.0,0,0.78
COR1016,04,COR1016-04,알바트로스세미나(경영),황국재,6,8,10,0.0,0,0.78
CHM1051,16,CHM1051-16,일반화학실험I,이원구,10,9,17,4.0,0,0.7677647058823529
COR1009,08,COR1009-08,컴퓨팅사고력,강은숙,26,29,48,89.0,0,0.7668375000000001
BIO1105,01,BIO1105-01,일반생물학실험I,"Lee, Hosuk Sean",10,11,17,0.0,0,0.7647058823529411
COR1015,30,COR1015-30,알바트로스세미나,박진형,7,17,12,0.0,0,0.7583333333333333
SHU4068,03,SHU4068-03,한중정치사회의이해(중국어)(중국어강의),전성흥,25,40,43,2.0,0,0.7573255813953489
POL3080,01,POL3080-01,현대북한의정치,정영철,53,58,93,21.0,0,0.7564182795698925
MGT4227,01,MGT4227-01,지식경영과서비스혁신,김용진,19,32,43,9.0,1,0.7534648837209301
COR1014,03,COR1014-03,한국어글쓰기,한새해,11,20,19,1.0,0,0.7533842105263158
KSC3003,01,KSC3003-01,한국사회이해를위한전략적듣기,오문경,4,8,7,0.0,0,0.7428571428571429
EEE2135,02,EEE2135-02,디지털회로설계,김영록,45,44,80,15.0,0,0.7422187499999999
MGT3005,02,MGT3005-02,관리회계,양준선,31,34,72,12.0,1,0.7363705555555556
PSY3022,01,PSY3022-01,다문화심리학,나진경,67,86,124,21.0,0,0.7171701612903226
COR1009,03,COR1009-03,컴퓨팅사고력,강은숙,24,27,48,89.0,0,0.70785
COR1003,32,COR1003-32,영어글로벌의사소통I,"Bailey, Andrew",9,15,17,16.0,0,0.6992470588235296
CHM1051,06,CHM1051-06,일반화학실험I,조규봉,8,9,15,1.0,0,0.6940266666666666
PHI3003,01,PHI3003-01,서양근대철학사,"Kim, Halla",9,11,17,4.0,0,0.6909882352941178
CHM2651,01,CHM2651-01,생화학실험,이현수,9,10,17,0.0,0,0.6882352941176472
BIO3712,01,BIO3712-01,미생물생리학,이규호,10,11,20,4.0,0,0.6526000000000001
COR1014,06,COR1014-06,한국어글쓰기,오경숙,9,19,18,4.0,0,0.6526000000000001
COR1014,05,COR1014-05,한국어글쓰기,박진혁,9,20,18,4.0,0,0.6526000000000001
MEE4015,01,MEE4015-01,바이오역학,신충수,12,12,24,3.0,0,0.6519499999999999
COR1016,18,COR1016-18,알바트로스세미나(경영),송민섭,5,8,10,0.0,0,0.65
ENG3305,01,ENG3305-01,영어화용론,한승훈,20,19,41,15.0,0,0.6436585365853658
STS2004,08,STS2004-08,대학수학,김지현,28,35,60,58.0,0,0.6418533333333334
LCU4105,01,LCU4105-01,초급아랍어,김재희,17,18,36,22.0,0,0.6273944444444445
LCS2008,02,LCS2008-02,일본언어와문화II,김인혜,11,16,23,5.0,0,0.6248478260869565
MGT3006,04,MGT3006-04,마케팅원론,박경도,13,18,36,11.0,1,0.6169908333333334
COR1014,01,COR1014-01,한국어글쓰기,한새해,9,20,19,1.0,0,0.6164052631578947
COR1003,33,COR1003-33,영어글로벌의사소통I,조혜연,11,25,24,14.0,0,0.604175
COR1016,10,COR1016-10,알바트로스세미나(경영),홍광헌,5,8,11,0.0,0,0.5909090909090909
COR1016,17,COR1016-17,알바트로스세미나(경영),김도성,5,9,11,0.0,0,0.5909090909090909
COR1016,11,COR1016-11,알바트로스세미나(경영),조성빈,5,8,11,0.0,0,0.5909090909090909
STS2002,04,STS2002-04,생명과환경,신형두,17,22,38,9.0,0,0.5868131578947368
COR1014,04,COR1014-04,한국어글쓰기,오경숙,8,20,18,4.0,0,0.580088888888889
BIO1101,02,BIO1101-02,일반생물학I,"Lee, Hosuk Sean",22,21,50,14.0,0,0.5800080000000001
SPM3120,01,SPM3120-01,댄스피트니스,이수현,8,7,18,2.0,0,0.5789333333333334
CHM2101,01,CHM2101-01,분석화학,신운섭,30,29,68,6.0,0,0.5769705882352941
LCS2001,07,LCS2001-07,독일언어와문화I,조한렬,12,27,29,28.0,0,0.5529931034482759
MGT3001,06,MGT3001-06,조직행동이론,이인석,28,45,90,24.0,1,0.5383964444444445
CBE4004,01,CBE4004-01,분리정제공정,이광순,14,14,34,1.0,0,0.5358294117647058
COR1016,23,COR1016-23,알바트로스세미나(경영),이윤동,4,9,10,1.0,0,0.52052
COR1016,19,COR1016-19,알바트로스세미나(경영),김주영,4,9,10,0.0,0,0.52
LCU4103,02,LCU4103-02,기본영어,김영나,10,16,25,0.0,0,0.52
COR1016,22,COR1016-22,알바트로스세미나(경영),양준선,4,9,10,0.0,0,0.52
LAU4038,01,LAU4038-01,동양미술의이해,장수민,10,12,26,6.0,0,0.503
PUB3014,01,PUB3014-01,계약과법,엄동섭,8,8,21,5.0,0,0.49771428571428566
CHMG301,01,CHMG301-01,고급유기화학I,이덕형,3,4,8,2.0,0,0.48847500000000005
COR1016,26,COR1016-26,알바트로스세미나(경영),최장호,6,7,16,0.0,0,0.48750000000000004
HFS2002,03,HFS2002-03,신학적인간학,강선남,15,18,41,21.0,0,0.4855975609756097
CHS2001,01,CHS2001-01,한국문화와역사,정선용,23,25,64,37.0,0,0.4844734375
SPM3005,01,SPM3005-01,레크리에이션의이론과실제,이문진,12,9,33,21.0,0,0.48265454545454545
STS2004,09,STS2004-09,대학수학,김순영,19,21,55,73.0,0,0.48187454545454544
MGT3006,05,MGT3006-05,마케팅원론,박경도,10,14,36,11.0,1,0.4746083333333333
COR1016,24,COR1016-24,알바트로스세미나(경영),안성필,4,9,11,0.0,0,0.4727272727272727
COR1016,29,COR1016-29,알바트로스세미나(경영),이상근,4,8,11,0.0,0,0.4727272727272727
LCU4103,01,LCU4103-01,기본영어,김영나,9,22,25,0.0,0,0.468
COR1009,04,COR1009-04,컴퓨팅사고력,장나은,14,13,46,96.0,0,0.4336347826086957
BIO4921,01,BIO4921-01,특수연구,이병하,1,1,3,0.0,0,0.43333333333333335
ETS2004,04,ETS2004-04,종교와세계문화,최용운,38,47,139,100.0,0,0.3909352517985612
COR1016,27,COR1016-27,알바트로스세미나(경영),김민균,3,9,10,0.0,0,0.39
CHM2101,02,CHM2101-02,분석화학,신운섭,20,24,68,6.0,0,0.3846470588235294
SHU4068,02,SHU4068-02,한중정치사회의이해(중국어)(중국어강의),장윤미,12,30,42,0.0,0,0.37142857142857144
COR1016,36,COR1016-36,알바트로스세미나(경영),장영균,3,9,11,0.0,0,0.35454545454545455
SPM3015,01,SPM3015-01,서사적체육:스포츠와스토리텔링,정용철,7,6,26,8.0,0,0.3528
ETS2004,06,ETS2004-06,종교와세계문화,최용운,33,41,139,100.0,0,0.3394964028776979
COR1016,13,COR1016-13,알바트로스세미나(경영),이상호,2,8,10,0.0,0,0.26
ECOG020,01,ECOG020-01,고급거시경제학I,남주하,1,1,7,0.0,1,0.24142857142857144
COR1016,28,COR1016-28,알바트로스세미나(경영),서정일,2,9,11,0.0,0,0.23636363636363636
COR1016,05,COR1016-05,알바트로스세미나(경영),양동훈,2,8,11,0.0,0,0.23636363636363636
SPM3120,02,SPM3120-02,댄스피트니스,이수현,3,2,18,2.0,0,0.21710000000000002
KSC1003,01,KSC1003-01,대학생활을위한전략적듣기,오문경,1,5,8,0.0,0,0.1625
SHS2002,06,SHS2002-06,한국과세계(중국어강의),신은영,4,18,33,0.0,0,0.1575757575757576
SOC4001,01,SOC4001-01,졸업논문,오세일,0,2,3,0.0,0,0.0
